Period, Principal Payment, Interest Payment, Total Payment, Ending Balance
1, $15259.18, $1028.85, $1288.02, $484740.82
2, $290.58, $997.45, $1288.02, $484450.25
3, $291.17, $996.85, $1288.02, $484159.07
4, $291.77, $996.25, $1288.02, $483867.30
5, $292.37, $995.65, $1288.02, $483574.93
6, $292.98, $995.05, $1288.02, $483281.95
7, $293.58, $994.45, $1288.02, $482988.37
8, $294.18, $993.84, $1288.02, $482694.19
9, $294.79, $993.24, $1288.02, $482399.40
10, $295.39, $992.63, $1288.02, $482104.01
11, $296.00, $992.02, $1288.02, $481808.01
12, $296.61, $991.41, $1288.02, $481511.39
13, $297.22, $990.80, $1288.02, $481214.17
14, $297.83, $990.19, $1288.02, $480916.34
15, $298.45, $989.58, $1288.02, $480617.89
16, $299.06, $988.96, $1288.02, $480318.83
17, $299.68, $988.35, $1288.02, $480019.16
18, $300.29, $987.73, $1288.02, $479718.87
19, $300.91, $987.11, $1288.02, $479417.96
20, $301.53, $986.49, $1288.02, $479116.43
21, $302.15, $985.87, $1288.02, $478814.28
22, $302.77, $985.25, $1288.02, $478511.51
23, $303.39, $984.63, $1288.02, $478208.11
24, $304.02, $984.01, $1288.02, $477904.09
25, $304.64, $983.38, $1288.02, $477599.45
26, $305.27, $982.75, $1288.02, $477294.18
27, $305.90, $982.12, $1288.02, $476988.28
28, $306.53, $981.50, $1288.02, $476681.75
29, $307.16, $980.86, $1288.02, $476374.59
30, $307.79, $980.23, $1288.02, $476066.80
31, $308.42, $979.60, $1288.02, $475758.38
32, $309.06, $978.96, $1288.02, $475449.32
33, $309.70, $978.33, $1288.02, $475139.62
34, $310.33, $977.69, $1288.02, $474829.29
35, $310.97, $977.05, $1288.02, $474518.32
36, $311.61, $976.41, $1288.02, $474206.71
37, $312.25, $975.77, $1288.02, $473894.45
38, $312.89, $975.13, $1288.02, $473581.56
39, $313.54, $974.49, $1288.02, $473268.02
40, $314.18, $973.84, $1288.02, $472953.84
41, $314.83, $973.19, $1288.02, $472639.01
42, $315.48, $972.55, $1288.02, $472323.53
43, $316.13, $971.90, $1288.02, $472007.40
44, $316.78, $971.25, $1288.02, $471690.62
45, $317.43, $970.59, $1288.02, $471373.19
46, $318.08, $969.94, $1288.02, $471055.11
47, $318.74, $969.29, $1288.02, $470736.38
48, $319.39, $968.63, $1288.02, $470416.98
49, $320.05, $967.97, $1288.02, $470096.93
50, $320.71, $967.31, $1288.02, $469776.22
51, $321.37, $966.65, $1288.02, $469454.85
52, $322.03, $965.99, $1288.02, $469132.82
53, $322.69, $965.33, $1288.02, $468810.13
54, $323.36, $964.67, $1288.02, $468486.77
55, $324.02, $964.00, $1288.02, $468162.75
56, $324.69, $963.33, $1288.02, $467838.06
57, $325.36, $962.67, $1288.02, $467512.71
58, $326.03, $962.00, $1288.02, $467186.68
59, $326.70, $961.33, $1288.02, $466859.98
60, $327.37, $960.65, $1288.02, $466532.61
61, $328.04, $959.98, $1288.02, $466204.57
62, $328.72, $959.31, $1288.02, $465875.85
63, $329.39, $958.63, $1288.02, $465546.46
64, $330.07, $957.95, $1288.02, $465216.39
65, $330.75, $957.27, $1288.02, $464885.63
66, $331.43, $956.59, $1288.02, $464554.20
67, $332.11, $955.91, $1288.02, $464222.09
68, $332.80, $955.23, $1288.02, $463889.29
69, $333.48, $954.54, $1288.02, $463555.81
70, $334.17, $953.86, $1288.02, $463221.64
71, $334.86, $953.17, $1288.02, $462886.78
72, $335.55, $952.48, $1288.02, $462551.24
73, $336.24, $951.79, $1288.02, $462215.00
74, $336.93, $951.10, $1288.02, $461878.08
75, $337.62, $950.40, $1288.02, $461540.45
76, $338.32, $949.71, $1288.02, $461202.14
77, $339.01, $949.01, $1288.02, $460863.13
78, $339.71, $948.31, $1288.02, $460523.42
79, $340.41, $947.62, $1288.02, $460183.01
80, $341.11, $946.92, $1288.02, $459841.90
81, $341.81, $946.21, $1288.02, $459500.09
82, $342.51, $945.51, $1288.02, $459157.58
83, $343.22, $944.81, $1288.02, $458814.36
84, $343.92, $944.10, $1288.02, $458470.43
85, $344.63, $943.39, $1288.02, $458125.80
86, $345.34, $942.68, $1288.02, $457780.46
87, $346.05, $941.97, $1288.02, $457434.41
88, $346.76, $941.26, $1288.02, $457087.64
89, $347.48, $940.55, $1288.02, $456740.16
90, $348.19, $939.83, $1288.02, $456391.97
91, $348.91, $939.11, $1288.02, $456043.06
92, $349.63, $938.40, $1288.02, $455693.43
93, $350.35, $937.68, $1288.02, $455343.09
94, $351.07, $936.96, $1288.02, $454992.02
95, $351.79, $936.23, $1288.02, $454640.23
96, $352.51, $935.51, $1288.02, $454287.72
97, $353.24, $934.78, $1288.02, $453934.48
98, $353.97, $934.06, $1288.02, $453580.51
99, $354.69, $933.33, $1288.02, $453225.82
100, $355.42, $932.60, $1288.02, $452870.39
101, $356.16, $931.87, $1288.02, $452514.24
102, $356.89, $931.14, $1288.02, $452157.35
103, $357.62, $930.40, $1288.02, $451799.72
104, $358.36, $929.66, $1288.02, $451441.36
105, $359.10, $928.93, $1288.02, $451082.27
106, $359.84, $928.19, $1288.02, $450722.43
107, $360.58, $927.45, $1288.02, $450361.86
108, $361.32, $926.71, $1288.02, $450000.54
109, $362.06, $925.96, $1288.02, $449638.48
110, $362.81, $925.22, $1288.02, $449275.67
111, $363.55, $924.47, $1288.02, $448912.12
112, $364.30, $923.72, $1288.02, $448547.82
113, $365.05, $922.97, $1288.02, $448182.77
114, $365.80, $922.22, $1288.02, $447816.97
115, $366.55, $921.47, $1288.02, $447450.41
116, $367.31, $920.72, $1288.02, $447083.11
117, $368.06, $919.96, $1288.02, $446715.04
118, $368.82, $919.20, $1288.02, $446346.22
119, $369.58, $918.44, $1288.02, $445976.64
120, $370.34, $917.68, $1288.02, $445606.30
121, $371.10, $916.92, $1288.02, $445235.19
122, $371.87, $916.16, $1288.02, $444863.33
123, $372.63, $915.39, $1288.02, $444490.70
124, $373.40, $914.63, $1288.02, $444117.30
125, $374.17, $913.86, $1288.02, $443743.13
126, $374.94, $913.09, $1288.02, $443368.19
127, $375.71, $912.32, $1288.02, $442992.49
128, $376.48, $911.54, $1288.02, $442616.00
129, $377.26, $910.77, $1288.02, $442238.75
130, $378.03, $909.99, $1288.02, $441860.72
131, $378.81, $909.21, $1288.02, $441481.90
132, $379.59, $908.43, $1288.02, $441102.32
133, $380.37, $907.65, $1288.02, $440721.94
134, $381.15, $906.87, $1288.02, $440340.79
135, $381.94, $906.09, $1288.02, $439958.85
136, $382.72, $905.30, $1288.02, $439576.13
137, $383.51, $904.51, $1288.02, $439192.62
138, $384.30, $903.72, $1288.02, $438808.32
139, $385.09, $902.93, $1288.02, $438423.23
140, $385.88, $902.14, $1288.02, $438037.34
141, $386.68, $901.35, $1288.02, $437650.67
142, $387.47, $900.55, $1288.02, $437263.19
143, $388.27, $899.75, $1288.02, $436874.92
144, $389.07, $898.95, $1288.02, $436485.85
145, $389.87, $898.15, $1288.02, $436095.98
146, $390.67, $897.35, $1288.02, $435705.31
147, $391.48, $896.55, $1288.02, $435313.83
148, $392.28, $895.74, $1288.02, $434921.55
149, $393.09, $894.93, $1288.02, $434528.46
150, $393.90, $894.13, $1288.02, $434134.56
151, $394.71, $893.32, $1288.02, $433739.86
152, $395.52, $892.50, $1288.02, $433344.34
153, $396.33, $891.69, $1288.02, $432948.00
154, $397.15, $890.87, $1288.02, $432550.85
155, $397.97, $890.06, $1288.02, $432152.88
156, $398.79, $889.24, $1288.02, $431754.10
157, $399.61, $888.42, $1288.02, $431354.49
158, $400.43, $887.59, $1288.02, $430954.06
159, $401.25, $886.77, $1288.02, $430552.81
160, $402.08, $885.95, $1288.02, $430150.73
161, $402.91, $885.12, $1288.02, $429747.83
162, $403.73, $884.29, $1288.02, $429344.09
163, $404.57, $883.46, $1288.02, $428939.52
164, $405.40, $882.63, $1288.02, $428534.13
165, $406.23, $881.79, $1288.02, $428127.89
166, $407.07, $880.96, $1288.02, $427720.83
167, $407.91, $880.12, $1288.02, $427312.92
168, $408.75, $879.28, $1288.02, $426904.17
169, $409.59, $878.44, $1288.02, $426494.59
170, $410.43, $877.59, $1288.02, $426084.16
171, $411.27, $876.75, $1288.02, $425672.89
172, $412.12, $875.90, $1288.02, $425260.77
173, $412.97, $875.06, $1288.02, $424847.80
174, $413.82, $874.21, $1288.02, $424433.98
175, $414.67, $873.35, $1288.02, $424019.31
176, $415.52, $872.50, $1288.02, $423603.79
177, $416.38, $871.65, $1288.02, $423187.41
178, $417.23, $870.79, $1288.02, $422770.18
179, $418.09, $869.93, $1288.02, $422352.08
180, $418.95, $869.07, $1288.02, $421933.13
181, $419.82, $868.21, $1288.02, $421513.32
182, $420.68, $867.34, $1288.02, $421092.64
183, $421.54, $866.48, $1288.02, $420671.09
184, $422.41, $865.61, $1288.02, $420248.68
185, $423.28, $864.74, $1288.02, $419825.40
186, $424.15, $863.87, $1288.02, $419401.25
187, $425.02, $863.00, $1288.02, $418976.22
188, $425.90, $862.12, $1288.02, $418550.32
189, $426.78, $861.25, $1288.02, $418123.55
190, $427.65, $860.37, $1288.02, $417695.89
191, $428.53, $859.49, $1288.02, $417267.36
192, $429.42, $858.61, $1288.02, $416837.94
193, $430.30, $857.72, $1288.02, $416407.64
194, $431.18, $856.84, $1288.02, $415976.46
195, $432.07, $855.95, $1288.02, $415544.39
196, $432.96, $855.06, $1288.02, $415111.42
197, $433.85, $854.17, $1288.02, $414677.57
198, $434.74, $853.28, $1288.02, $414242.83
199, $435.64, $852.38, $1288.02, $413807.19
200, $436.54, $851.49, $1288.02, $413370.65
201, $437.43, $850.59, $1288.02, $412933.22
202, $438.33, $849.69, $1288.02, $412494.88
203, $439.24, $848.79, $1288.02, $412055.65
204, $440.14, $847.88, $1288.02, $411615.51
205, $441.05, $846.98, $1288.02, $411174.46
206, $441.95, $846.07, $1288.02, $410732.51
207, $442.86, $845.16, $1288.02, $410289.65
208, $443.77, $844.25, $1288.02, $409845.87
209, $444.69, $843.34, $1288.02, $409401.19
210, $445.60, $842.42, $1288.02, $408955.58
211, $446.52, $841.50, $1288.02, $408509.07
212, $447.44, $840.59, $1288.02, $408061.63
213, $448.36, $839.67, $1288.02, $407613.27
214, $449.28, $838.74, $1288.02, $407163.99
215, $450.21, $837.82, $1288.02, $406713.78
216, $451.13, $836.89, $1288.02, $406262.65
217, $452.06, $835.96, $1288.02, $405810.59
218, $452.99, $835.03, $1288.02, $405357.60
219, $453.92, $834.10, $1288.02, $404903.68
220, $454.86, $833.17, $1288.02, $404448.82
221, $455.79, $832.23, $1288.02, $403993.03
222, $456.73, $831.29, $1288.02, $403536.30
223, $457.67, $830.35, $1288.02, $403078.63
224, $458.61, $829.41, $1288.02, $402620.02
225, $459.56, $828.47, $1288.02, $402160.46
226, $460.50, $827.52, $1288.02, $401699.96
227, $461.45, $826.57, $1288.02, $401238.51
228, $462.40, $825.63, $1288.02, $400776.11
229, $463.35, $824.67, $1288.02, $400312.76
230, $464.30, $823.72, $1288.02, $399848.46
231, $465.26, $822.77, $1288.02, $399383.20
232, $466.22, $821.81, $1288.02, $398916.98
233, $467.18, $820.85, $1288.02, $398449.81
234, $468.14, $819.89, $1288.02, $397981.67
235, $469.10, $818.92, $1288.02, $397512.57
236, $470.07, $817.96, $1288.02, $397042.51
237, $471.03, $816.99, $1288.02, $396571.48
238, $472.00, $816.02, $1288.02, $396099.47
239, $472.97, $815.05, $1288.02, $395626.50
240, $473.95, $814.08, $1288.02, $395152.55
241, $474.92, $813.10, $1288.02, $394677.63
242, $475.90, $812.13, $1288.02, $394201.73
243, $476.88, $811.15, $1288.02, $393724.86
244, $477.86, $810.16, $1288.02, $393247.00
245, $478.84, $809.18, $1288.02, $392768.16
246, $479.83, $808.20, $1288.02, $392288.33
247, $480.82, $807.21, $1288.02, $391807.51
248, $481.80, $806.22, $1288.02, $391325.71
249, $482.80, $805.23, $1288.02, $390842.91
250, $483.79, $804.23, $1288.02, $390359.12
251, $484.78, $803.24, $1288.02, $389874.34
252, $485.78, $802.24, $1288.02, $389388.56
253, $486.78, $801.24, $1288.02, $388901.77
254, $487.78, $800.24, $1288.02, $388413.99
255, $488.79, $799.24, $1288.02, $387925.20
256, $489.79, $798.23, $1288.02, $387435.41
257, $490.80, $797.22, $1288.02, $386944.61
258, $491.81, $796.21, $1288.02, $386452.80
259, $492.82, $795.20, $1288.02, $385959.98
260, $493.84, $794.19, $1288.02, $385466.14
261, $494.85, $793.17, $1288.02, $384971.29
262, $495.87, $792.15, $1288.02, $384475.42
263, $496.89, $791.13, $1288.02, $383978.52
264, $497.91, $790.11, $1288.02, $383480.61
265, $498.94, $789.09, $1288.02, $382981.67
266, $499.97, $788.06, $1288.02, $382481.71
267, $500.99, $787.03, $1288.02, $381980.71
268, $502.02, $786.00, $1288.02, $381478.69
269, $503.06, $784.97, $1288.02, $380975.63
270, $504.09, $783.93, $1288.02, $380471.54
271, $505.13, $782.89, $1288.02, $379966.41
272, $506.17, $781.85, $1288.02, $379460.24
273, $507.21, $780.81, $1288.02, $378953.02
274, $508.25, $779.77, $1288.02, $378444.77
275, $509.30, $778.72, $1288.02, $377935.47
276, $510.35, $777.67, $1288.02, $377425.12
277, $511.40, $776.62, $1288.02, $376913.72
278, $512.45, $775.57, $1288.02, $376401.27
279, $513.51, $774.52, $1288.02, $375887.76
280, $514.56, $773.46, $1288.02, $375373.20
281, $515.62, $772.40, $1288.02, $374857.58
282, $516.68, $771.34, $1288.02, $374340.90
283, $517.75, $770.28, $1288.02, $373823.15
284, $518.81, $769.21, $1288.02, $373304.34
285, $519.88, $768.15, $1288.02, $372784.46
286, $520.95, $767.08, $1288.02, $372263.52
287, $522.02, $766.00, $1288.02, $371741.50
288, $523.09, $764.93, $1288.02, $371218.40
289, $524.17, $763.85, $1288.02, $370694.23
290, $525.25, $762.77, $1288.02, $370168.98
291, $526.33, $761.69, $1288.02, $369642.65
292, $527.41, $760.61, $1288.02, $369115.24
293, $528.50, $759.53, $1288.02, $368586.74
294, $529.59, $758.44, $1288.02, $368057.16
295, $530.68, $757.35, $1288.02, $367526.48
296, $531.77, $756.26, $1288.02, $366994.71
297, $532.86, $755.16, $1288.02, $366461.85
298, $533.96, $754.07, $1288.02, $365927.89
299, $535.06, $752.97, $1288.02, $365392.84
300, $536.16, $751.87, $1288.02, $364856.68
301, $537.26, $750.76, $1288.02, $364319.42
302, $538.37, $749.66, $1288.02, $363781.05
303, $539.47, $748.55, $1288.02, $363241.58
304, $540.58, $747.44, $1288.02, $362700.99
305, $541.70, $746.33, $1288.02, $362159.30
306, $542.81, $745.21, $1288.02, $361616.49
307, $543.93, $744.10, $1288.02, $361072.56
308, $545.05, $742.98, $1288.02, $360527.51
309, $546.17, $741.85, $1288.02, $359981.34
310, $547.29, $740.73, $1288.02, $359434.05
311, $548.42, $739.60, $1288.02, $358885.63
312, $549.55, $738.48, $1288.02, $358336.08
313, $550.68, $737.35, $1288.02, $357785.40
314, $551.81, $736.21, $1288.02, $357233.59
315, $552.95, $735.08, $1288.02, $356680.65
316, $554.08, $733.94, $1288.02, $356126.56
317, $555.22, $732.80, $1288.02, $355571.34
318, $556.37, $731.66, $1288.02, $355014.97
319, $557.51, $730.51, $1288.02, $354457.46
320, $558.66, $729.36, $1288.02, $353898.80
321, $559.81, $728.21, $1288.02, $353338.99
322, $560.96, $727.06, $1288.02, $352778.03
323, $562.12, $725.91, $1288.02, $352215.91
324, $563.27, $724.75, $1288.02, $351652.64
325, $564.43, $723.59, $1288.02, $351088.21
326, $565.59, $722.43, $1288.02, $350522.62
327, $566.76, $721.27, $1288.02, $349955.86
328, $567.92, $720.10, $1288.02, $349387.94
329, $569.09, $718.93, $1288.02, $348818.85
330, $570.26, $717.76, $1288.02, $348248.59
331, $571.44, $716.59, $1288.02, $347677.15
332, $572.61, $715.41, $1288.02, $347104.54
333, $573.79, $714.23, $1288.02, $346530.75
334, $574.97, $713.05, $1288.02, $345955.78
335, $576.15, $711.87, $1288.02, $345379.63
336, $577.34, $710.69, $1288.02, $344802.29
337, $578.53, $709.50, $1288.02, $344223.76
338, $579.72, $708.31, $1288.02, $343644.05
339, $580.91, $707.11, $1288.02, $343063.14
340, $582.11, $705.92, $1288.02, $342481.03
341, $583.30, $704.72, $1288.02, $341897.73
342, $584.50, $703.52, $1288.02, $341313.22
343, $585.71, $702.32, $1288.02, $340727.52
344, $586.91, $701.11, $1288.02, $340140.61
345, $588.12, $699.90, $1288.02, $339552.49
346, $589.33, $698.69, $1288.02, $338963.16
347, $590.54, $697.48, $1288.02, $338372.62
348, $591.76, $696.27, $1288.02, $337780.86
349, $592.97, $695.05, $1288.02, $337187.88
350, $594.19, $693.83, $1288.02, $336593.69
351, $595.42, $692.61, $1288.02, $335998.27
352, $596.64, $691.38, $1288.02, $335401.63
353, $597.87, $690.15, $1288.02, $334803.76
354, $599.10, $688.92, $1288.02, $334204.66
355, $600.33, $687.69, $1288.02, $333604.33
356, $601.57, $686.46, $1288.02, $333002.76
357, $602.81, $685.22, $1288.02, $332399.95
358, $604.05, $683.98, $1288.02, $331795.90
359, $605.29, $682.73, $1288.02, $331190.61
360, $606.54, $681.49, $1288.02, $330584.08
361, $607.78, $680.24, $1288.02, $329976.29
362, $609.03, $678.99, $1288.02, $329367.26
363, $610.29, $677.74, $1288.02, $328756.97
364, $611.54, $676.48, $1288.02, $328145.43
365, $612.80, $675.22, $1288.02, $327532.63
366, $614.06, $673.96, $1288.02, $326918.57
367, $615.33, $672.70, $1288.02, $326303.24
368, $616.59, $671.43, $1288.02, $325686.65
369, $617.86, $670.16, $1288.02, $325068.79
370, $619.13, $668.89, $1288.02, $324449.66
371, $620.41, $667.62, $1288.02, $323829.25
372, $621.68, $666.34, $1288.02, $323207.57
373, $622.96, $665.06, $1288.02, $322584.60
374, $624.24, $663.78, $1288.02, $321960.36
375, $625.53, $662.50, $1288.02, $321334.83
376, $626.82, $661.21, $1288.02, $320708.02
377, $628.11, $659.92, $1288.02, $320079.91
378, $629.40, $658.63, $1288.02, $319450.51
379, $630.69, $657.33, $1288.02, $318819.82
380, $631.99, $656.03, $1288.02, $318187.83
381, $633.29, $654.73, $1288.02, $317554.54
382, $634.59, $653.43, $1288.02, $316919.95
383, $635.90, $652.12, $1288.02, $316284.05
384, $637.21, $650.82, $1288.02, $315646.84
385, $638.52, $649.50, $1288.02, $315008.32
386, $639.83, $648.19, $1288.02, $314368.48
387, $641.15, $646.87, $1288.02, $313727.33
388, $642.47, $645.55, $1288.02, $313084.86
389, $643.79, $644.23, $1288.02, $312441.07
390, $645.12, $642.91, $1288.02, $311795.96
391, $646.44, $641.58, $1288.02, $311149.51
392, $647.77, $640.25, $1288.02, $310501.74
393, $649.11, $638.92, $1288.02, $309852.63
394, $650.44, $637.58, $1288.02, $309202.19
395, $651.78, $636.24, $1288.02, $308550.41
396, $653.12, $634.90, $1288.02, $307897.29
397, $654.47, $633.56, $1288.02, $307242.82
398, $655.81, $632.21, $1288.02, $306587.01
399, $657.16, $630.86, $1288.02, $305929.85
400, $658.51, $629.51, $1288.02, $305271.33
401, $659.87, $628.15, $1288.02, $304611.46
402, $661.23, $626.80, $1288.02, $303950.24
403, $662.59, $625.44, $1288.02, $303287.65
404, $663.95, $624.07, $1288.02, $302623.70
405, $665.32, $622.71, $1288.02, $301958.38
406, $666.69, $621.34, $1288.02, $301291.69
407, $668.06, $619.97, $1288.02, $300623.64
408, $669.43, $618.59, $1288.02, $299954.20
409, $670.81, $617.21, $1288.02, $299283.39
410, $672.19, $615.83, $1288.02, $298611.20
411, $673.57, $614.45, $1288.02, $297937.63
412, $674.96, $613.06, $1288.02, $297262.67
413, $676.35, $611.68, $1288.02, $296586.32
414, $677.74, $610.28, $1288.02, $295908.58
415, $679.13, $608.89, $1288.02, $295229.45
416, $680.53, $607.49, $1288.02, $294548.91
417, $681.93, $606.09, $1288.02, $293866.98
418, $683.34, $604.69, $1288.02, $293183.65
419, $684.74, $603.28, $1288.02, $292498.90
420, $686.15, $601.87, $1288.02, $291812.75
421, $687.56, $600.46, $1288.02, $291125.19
422, $688.98, $599.05, $1288.02, $290436.21
423, $690.40, $597.63, $1288.02, $289745.82
424, $691.82, $596.21, $1288.02, $289054.00
425, $693.24, $594.78, $1288.02, $288360.76
426, $694.67, $593.36, $1288.02, $287666.09
427, $696.10, $591.93, $1288.02, $286970.00
428, $697.53, $590.50, $1288.02, $286272.47
429, $698.96, $589.06, $1288.02, $285573.51
430, $700.40, $587.62, $1288.02, $284873.11
431, $701.84, $586.18, $1288.02, $284171.26
432, $703.29, $584.74, $1288.02, $283467.98
433, $704.73, $583.29, $1288.02, $282763.24
434, $706.18, $581.84, $1288.02, $282057.06
435, $707.64, $580.39, $1288.02, $281349.42
436, $709.09, $578.93, $1288.02, $280640.33
437, $710.55, $577.47, $1288.02, $279929.78
438, $712.01, $576.01, $1288.02, $279217.76
439, $713.48, $574.54, $1288.02, $278504.28
440, $714.95, $573.08, $1288.02, $277789.34
441, $716.42, $571.60, $1288.02, $277072.92
442, $717.89, $570.13, $1288.02, $276355.03
443, $719.37, $568.65, $1288.02, $275635.65
444, $720.85, $567.17, $1288.02, $274914.80
445, $722.33, $565.69, $1288.02, $274192.47
446, $723.82, $564.20, $1288.02, $273468.65
447, $725.31, $562.71, $1288.02, $272743.34
448, $726.80, $561.22, $1288.02, $272016.54
449, $728.30, $559.73, $1288.02, $271288.24
450, $729.80, $558.23, $1288.02, $270558.45
451, $731.30, $556.73, $1288.02, $269827.15
452, $732.80, $555.22, $1288.02, $269094.35
453, $734.31, $553.71, $1288.02, $268360.04
454, $735.82, $552.20, $1288.02, $267624.21
455, $737.34, $550.69, $1288.02, $266886.88
456, $738.85, $549.17, $1288.02, $266148.03
457, $740.37, $547.65, $1288.02, $265407.65
458, $741.90, $546.13, $1288.02, $264665.76
459, $743.42, $544.60, $1288.02, $263922.33
460, $744.95, $543.07, $1288.02, $263177.38
461, $746.49, $541.54, $1288.02, $262430.90
462, $748.02, $540.00, $1288.02, $261682.87
463, $749.56, $538.46, $1288.02, $260933.31
464, $751.10, $536.92, $1288.02, $260182.21
465, $752.65, $535.37, $1288.02, $259429.56
466, $754.20, $533.83, $1288.02, $258675.36
467, $755.75, $532.27, $1288.02, $257919.61
468, $757.30, $530.72, $1288.02, $257162.31
469, $758.86, $529.16, $1288.02, $256403.45
470, $760.42, $527.60, $1288.02, $255643.02
471, $761.99, $526.03, $1288.02, $254881.03
472, $763.56, $524.47, $1288.02, $254117.48
473, $765.13, $522.90, $1288.02, $253352.35
474, $766.70, $521.32, $1288.02, $252585.65
475, $768.28, $519.74, $1288.02, $251817.37
476, $769.86, $518.16, $1288.02, $251047.51
477, $771.45, $516.58, $1288.02, $250276.06
478, $773.03, $514.99, $1288.02, $249503.03
479, $774.62, $513.40, $1288.02, $248728.40
480, $776.22, $511.81, $1288.02, $247952.19
481, $777.81, $510.21, $1288.02, $247174.37
482, $779.41, $508.61, $1288.02, $246394.96
483, $781.02, $507.01, $1288.02, $245613.94
484, $782.63, $505.40, $1288.02, $244831.31
485, $784.24, $503.79, $1288.02, $244047.08
486, $785.85, $502.17, $1288.02, $243261.23
487, $787.47, $500.56, $1288.02, $242473.76
488, $789.09, $498.94, $1288.02, $241684.67
489, $790.71, $497.31, $1288.02, $240893.96
490, $792.34, $495.69, $1288.02, $240101.62
491, $793.97, $494.06, $1288.02, $239307.66
492, $795.60, $492.42, $1288.02, $238512.05
493, $797.24, $490.78, $1288.02, $237714.81
494, $798.88, $489.14, $1288.02, $236915.93
495, $800.52, $487.50, $1288.02, $236115.41
496, $802.17, $485.85, $1288.02, $235313.24
497, $803.82, $484.20, $1288.02, $234509.42
498, $805.48, $482.55, $1288.02, $233703.94
499, $807.13, $480.89, $1288.02, $232896.81
500, $808.79, $479.23, $1288.02, $232088.02
501, $810.46, $477.57, $1288.02, $231277.56
502, $812.13, $475.90, $1288.02, $230465.43
503, $813.80, $474.23, $1288.02, $229651.64
504, $815.47, $472.55, $1288.02, $228836.16
505, $817.15, $470.87, $1288.02, $228019.01
506, $818.83, $469.19, $1288.02, $227200.18
507, $820.52, $467.51, $1288.02, $226379.67
508, $822.20, $465.82, $1288.02, $225557.46
509, $823.90, $464.13, $1288.02, $224733.57
510, $825.59, $462.43, $1288.02, $223907.98
511, $827.29, $460.73, $1288.02, $223080.69
512, $828.99, $459.03, $1288.02, $222251.70
513, $830.70, $457.33, $1288.02, $221421.00
514, $832.41, $455.62, $1288.02, $220588.59
515, $834.12, $453.90, $1288.02, $219754.47
516, $835.84, $452.19, $1288.02, $218918.63
517, $837.56, $450.47, $1288.02, $218081.08
518, $839.28, $448.74, $1288.02, $217241.80
519, $841.01, $447.02, $1288.02, $216400.79
520, $842.74, $445.29, $1288.02, $215558.05
521, $844.47, $443.55, $1288.02, $214713.58
522, $846.21, $441.81, $1288.02, $213867.37
523, $847.95, $440.07, $1288.02, $213019.42
524, $849.70, $438.33, $1288.02, $212169.73
525, $851.44, $436.58, $1288.02, $211318.28
526, $853.20, $434.83, $1288.02, $210465.09
527, $854.95, $433.07, $1288.02, $209610.13
528, $856.71, $431.31, $1288.02, $208753.42
529, $858.47, $429.55, $1288.02, $207894.95
530, $860.24, $427.78, $1288.02, $207034.71
531, $862.01, $426.01, $1288.02, $206172.70
532, $863.78, $424.24, $1288.02, $205308.92
533, $865.56, $422.46, $1288.02, $204443.36
534, $867.34, $420.68, $1288.02, $203576.01
535, $869.13, $418.90, $1288.02, $202706.89
536, $870.92, $417.11, $1288.02, $201835.97
537, $872.71, $415.32, $1288.02, $200963.26
538, $874.50, $413.52, $1288.02, $200088.76
539, $876.30, $411.72, $1288.02, $199212.46
540, $878.11, $409.92, $1288.02, $198334.35
541, $879.91, $408.11, $1288.02, $197454.44
542, $881.72, $406.30, $1288.02, $196572.72
543, $883.54, $404.49, $1288.02, $195689.18
544, $885.36, $402.67, $1288.02, $194803.82
545, $887.18, $400.85, $1288.02, $193916.65
546, $889.00, $399.02, $1288.02, $193027.64
547, $890.83, $397.19, $1288.02, $192136.81
548, $892.67, $395.36, $1288.02, $191244.15
549, $894.50, $393.52, $1288.02, $190349.64
550, $896.34, $391.68, $1288.02, $189453.30
551, $898.19, $389.84, $1288.02, $188555.11
552, $900.04, $387.99, $1288.02, $187655.08
553, $901.89, $386.14, $1288.02, $186753.19
554, $903.74, $384.28, $1288.02, $185849.45
555, $905.60, $382.42, $1288.02, $184943.85
556, $907.47, $380.56, $1288.02, $184036.38
557, $909.33, $378.69, $1288.02, $183127.05
558, $911.20, $376.82, $1288.02, $182215.84
559, $913.08, $374.94, $1288.02, $181302.76
560, $914.96, $373.07, $1288.02, $180387.80
561, $916.84, $371.18, $1288.02, $179470.96
562, $918.73, $369.30, $1288.02, $178552.23
563, $920.62, $367.41, $1288.02, $177631.62
564, $922.51, $365.51, $1288.02, $176709.10
565, $924.41, $363.61, $1288.02, $175784.69
566, $926.31, $361.71, $1288.02, $174858.38
567, $928.22, $359.80, $1288.02, $173930.16
568, $930.13, $357.89, $1288.02, $173000.03
569, $932.04, $355.98, $1288.02, $172067.99
570, $933.96, $354.06, $1288.02, $171134.03
571, $935.88, $352.14, $1288.02, $170198.15
572, $937.81, $350.22, $1288.02, $169260.34
573, $939.74, $348.29, $1288.02, $168320.60
574, $941.67, $346.35, $1288.02, $167378.93
575, $943.61, $344.41, $1288.02, $166435.32
576, $945.55, $342.47, $1288.02, $165489.77
577, $947.50, $340.53, $1288.02, $164542.27
578, $949.45, $338.58, $1288.02, $163592.83
579, $951.40, $336.62, $1288.02, $162641.43
580, $953.36, $334.67, $1288.02, $161688.07
581, $955.32, $332.70, $1288.02, $160732.75
582, $957.29, $330.74, $1288.02, $159775.46
583, $959.25, $328.77, $1288.02, $158816.21
584, $961.23, $326.79, $1288.02, $157854.98
585, $963.21, $324.82, $1288.02, $156891.77
586, $965.19, $322.83, $1288.02, $155926.58
587, $967.17, $320.85, $1288.02, $154959.41
588, $969.16, $318.86, $1288.02, $153990.24
589, $971.16, $316.86, $1288.02, $153019.08
590, $973.16, $314.87, $1288.02, $152045.93
591, $975.16, $312.86, $1288.02, $151070.77
592, $977.17, $310.86, $1288.02, $150093.60
593, $979.18, $308.85, $1288.02, $149114.42
594, $981.19, $306.83, $1288.02, $148133.23
595, $983.21, $304.81, $1288.02, $147150.02
596, $985.23, $302.79, $1288.02, $146164.79
597, $987.26, $300.76, $1288.02, $145177.52
598, $989.29, $298.73, $1288.02, $144188.23
599, $991.33, $296.70, $1288.02, $143196.90
600, $993.37, $294.66, $1288.02, $142203.53
601, $995.41, $292.61, $1288.02, $141208.12
602, $997.46, $290.56, $1288.02, $140210.66
603, $999.51, $288.51, $1288.02, $139211.15
604, $1001.57, $286.45, $1288.02, $138209.58
605, $1003.63, $284.39, $1288.02, $137205.95
606, $1005.70, $282.33, $1288.02, $136200.25
607, $1007.77, $280.26, $1288.02, $135192.49
608, $1009.84, $278.18, $1288.02, $134182.65
609, $1011.92, $276.11, $1288.02, $133170.73
610, $1014.00, $274.02, $1288.02, $132156.73
611, $1016.09, $271.94, $1288.02, $131140.64
612, $1018.18, $269.85, $1288.02, $130122.47
613, $1020.27, $267.75, $1288.02, $129102.20
614, $1022.37, $265.65, $1288.02, $128079.82
615, $1024.47, $263.55, $1288.02, $127055.35
616, $1026.58, $261.44, $1288.02, $126028.77
617, $1028.70, $259.33, $1288.02, $125000.07
618, $1030.81, $257.21, $1288.02, $123969.26
619, $1032.93, $255.09, $1288.02, $122936.33
620, $1035.06, $252.97, $1288.02, $121901.27
621, $1037.19, $250.84, $1288.02, $120864.08
622, $1039.32, $248.70, $1288.02, $119824.76
623, $1041.46, $246.56, $1288.02, $118783.30
624, $1043.60, $244.42, $1288.02, $117739.69
625, $1045.75, $242.27, $1288.02, $116693.94
626, $1047.90, $240.12, $1288.02, $115646.04
627, $1050.06, $237.96, $1288.02, $114595.98
628, $1052.22, $235.80, $1288.02, $113543.76
629, $1054.39, $233.64, $1288.02, $112489.37
630, $1056.56, $231.47, $1288.02, $111432.82
631, $1058.73, $229.29, $1288.02, $110374.09
632, $1060.91, $227.12, $1288.02, $109313.18
633, $1063.09, $224.93, $1288.02, $108250.09
634, $1065.28, $222.75, $1288.02, $107184.81
635, $1067.47, $220.55, $1288.02, $106117.34
636, $1069.67, $218.36, $1288.02, $105047.67
637, $1071.87, $216.16, $1288.02, $103975.80
638, $1074.07, $213.95, $1288.02, $102901.73
639, $1076.28, $211.74, $1288.02, $101825.45
640, $1078.50, $209.53, $1288.02, $100746.95
641, $1080.72, $207.31, $1288.02, $99666.23
642, $1082.94, $205.08, $1288.02, $98583.29
643, $1085.17, $202.85, $1288.02, $97498.12
644, $1087.40, $200.62, $1288.02, $96410.72
645, $1089.64, $198.38, $1288.02, $95321.08
646, $1091.88, $196.14, $1288.02, $94229.20
647, $1094.13, $193.89, $1288.02, $93135.07
648, $1096.38, $191.64, $1288.02, $92038.69
649, $1098.64, $189.39, $1288.02, $90940.05
650, $1100.90, $187.13, $1288.02, $89839.15
651, $1103.16, $184.86, $1288.02, $88735.99
652, $1105.43, $182.59, $1288.02, $87630.56
653, $1107.71, $180.32, $1288.02, $86522.85
654, $1109.99, $178.04, $1288.02, $85412.86
655, $1112.27, $175.75, $1288.02, $84300.59
656, $1114.56, $173.46, $1288.02, $83186.03
657, $1116.85, $171.17, $1288.02, $82069.18
658, $1119.15, $168.87, $1288.02, $80950.03
659, $1121.45, $166.57, $1288.02, $79828.58
660, $1123.76, $164.26, $1288.02, $78704.82
661, $1126.07, $161.95, $1288.02, $77578.74
662, $1128.39, $159.63, $1288.02, $76450.35
663, $1130.71, $157.31, $1288.02, $75319.64
664, $1133.04, $154.98, $1288.02, $74186.60
665, $1135.37, $152.65, $1288.02, $73051.23
666, $1137.71, $150.32, $1288.02, $71913.52
667, $1140.05, $147.98, $1288.02, $70773.48
668, $1142.39, $145.63, $1288.02, $69631.08
669, $1144.74, $143.28, $1288.02, $68486.34
670, $1147.10, $140.92, $1288.02, $67339.24
671, $1149.46, $138.56, $1288.02, $66189.78
672, $1151.83, $136.20, $1288.02, $65037.95
673, $1154.20, $133.83, $1288.02, $63883.76
674, $1156.57, $131.45, $1288.02, $62727.19
675, $1158.95, $129.07, $1288.02, $61568.24
676, $1161.34, $126.69, $1288.02, $60406.90
677, $1163.72, $124.30, $1288.02, $59243.18
678, $1166.12, $121.90, $1288.02, $58077.06
679, $1168.52, $119.50, $1288.02, $56908.54
680, $1170.92, $117.10, $1288.02, $55737.61
681, $1173.33, $114.69, $1288.02, $54564.28
682, $1175.75, $112.28, $1288.02, $53388.53
683, $1178.17, $109.86, $1288.02, $52210.37
684, $1180.59, $107.43, $1288.02, $51029.78
685, $1183.02, $105.00, $1288.02, $49846.76
686, $1185.45, $102.57, $1288.02, $48661.30
687, $1187.89, $100.13, $1288.02, $47473.41
688, $1190.34, $97.69, $1288.02, $46283.07
689, $1192.79, $95.24, $1288.02, $45090.28
690, $1195.24, $92.78, $1288.02, $43895.04
691, $1197.70, $90.32, $1288.02, $42697.34
692, $1200.17, $87.86, $1288.02, $41497.17
693, $1202.64, $85.39, $1288.02, $40294.54
694, $1205.11, $82.91, $1288.02, $39089.43
695, $1207.59, $80.43, $1288.02, $37881.84
696, $1210.07, $77.95, $1288.02, $36671.77
697, $1212.56, $75.46, $1288.02, $35459.20
698, $1215.06, $72.96, $1288.02, $34244.14
699, $1217.56, $70.46, $1288.02, $33026.58
700, $1220.07, $67.96, $1288.02, $31806.52
701, $1222.58, $65.45, $1288.02, $30583.94
702, $1225.09, $62.93, $1288.02, $29358.85
703, $1227.61, $60.41, $1288.02, $28131.24
704, $1230.14, $57.89, $1288.02, $26901.10
705, $1232.67, $55.35, $1288.02, $25668.43
706, $1235.21, $52.82, $1288.02, $24433.22
707, $1237.75, $50.28, $1288.02, $23195.48
708, $1240.29, $47.73, $1288.02, $21955.18
709, $1242.85, $45.18, $1288.02, $20712.33
710, $1245.40, $42.62, $1288.02, $19466.93
711, $1247.97, $40.06, $1288.02, $18218.96
712, $1250.53, $37.49, $1288.02, $16968.43
713, $1253.11, $34.92, $1288.02, $15715.32
714, $1255.69, $32.34, $1288.02, $14459.63
715, $1258.27, $29.75, $1288.02, $13201.36
716, $1260.86, $27.16, $1288.02, $11940.51
717, $1263.45, $24.57, $1288.02, $10677.05
718, $1266.05, $21.97, $1288.02, $9411.00
719, $1268.66, $19.36, $1288.02, $8142.34
720, $1271.27, $16.75, $1288.02, $6871.07
721, $1273.89, $14.14, $1288.02, $5597.18
722, $1276.51, $11.52, $1288.02, $4320.68
723, $1279.13, $8.89, $1288.02, $3041.54
724, $1281.77, $6.26, $1288.02, $1759.78
725, $1284.40, $3.62, $1288.02, $475.38
726, $475.38, $0.98, $476.36, 0
